Dataset of reported MOF-based SERS substrates since 2011 up to March 2023,,,,,,,,,,,,,,,,,,,,,,,,,,,,,,,,,,,,,
Dataset generated for the work: Metal-Organic Frameworks in Surface Enhanced Raman Spectroscopy - based Analysis of Volatile Organic Compounds.,,,,,,,,,,,,,,,,,,,,,,,,,,,,,,,,,,,,,
"Authors: Juan A. Allegretto1 (juan.allegretto@dp-uni.ac.at) and Jakub Dostalek1,2 (jakub.dostalek@dp-uni.ac.at)",,,,,,,,,,,,,,,,,,,,,,,,,,,,,,,,,,,,,
"1) Laboratory for Life Sciences and Technology (LiST), Department of Medicine, Faculty of Medicine and Dentistry, Danube Private University, 3500 Krems, Austria",,,,,,,,,,,,,,,,,,,,,,,,,,,,,,,,,,,,,
"2) FZU-Institute of Physics, Czech Academy of Sciences, Na Slovance 2, Prague 82021, Czech Republic",,,,,,,,,,,,,,,,,,,,,,,,,,,,,,,,,,,,,
,,,,,,,,,,,,,,,,,,,,,,,,,,,,,,,,,,,,,
Abbreviations: NR: Not reported; NP: Nanoparticle(s); LPE: Liquid-Phase Epitaxis; LbL: Layer-by-Layer; EF: Enhancement Factor; AEF: Analytical Enhancement Factor; EM: Electromagnetic Mechanism; CM: Chemical Mechanism,,,,,,,,,,,,,,,,,,,,,,,,,,,,,,,,,,,,,
,,,,,,,,,,,,,,,,,,,,,,,,,,,,,,,,,,,,,
,,,,,,,,,,,,,,,,,,,,,,,,,,,,,,,,,,,,,
Manuscript number,DOI,Year,Substrate type,MOF,MOF configuration,Metal,Metal configuration,Synthesis/incorporation strategie,Metal modification,Excitation source ,Excitation source (nm),Power (mW),Collection time (s),Integration time (s),Analyte,Analyte phase,Raman reporter,Incubation time (min) Overnight assumed 14h=840 min,Calibration of incubation time? (Y/N),Interference test? (Y/N),Detail interf. Test,Selective (Y/N/NR),"Relative Standard Dev. (RSD max, %)",Sample size for RSD calculation,Reported EF mechanism,EF calculation,EF value,Calibration (Y/N),# Cal. Points,Validation (Y/N),# Valid. Points,Internal Standard,Linear range,LOD,Recovery (Y/N),Recovery (%),Matrix for recovery
1,10.1021/cm200737c,2011,Crystal,IRMOF-10 (MOF-5),particle,Au,Nanorod,Encapsulation,11-mercaptoundecanoic acidid,Ar-ion laser,785,2,1,2,DMF,Liquid,Analyte,175,NO,NO,NR,NR,NR,NR,NR,NR,NR,NO,NR,NO,NR,NO,NR,NR,NO,NR,NR
1,10.1021/cm200737c,2011,Crystal,IRMOF-10 (MOF-5),particle,Au,Nanorod,Encapsulation,11-mercaptoundecanoic acidid,Ar-ion laser,785,2,1,2,Chloroform,Liquid,Analyte,175,NO,NO,NR,NR,NR,NR,NR,NR,NR,NO,NR,NO,NR,NO,NR,NR,NO,NR,NR
2,10.1021/cm302735b,2013,Colloid,IRMOF-10 (MOF-5),particle,Au,Nanorod,Encapsulation,11-mercaptoundecanoic acidid,Ar-ion laser,785,2,NR,10,Pyridine,Liquid,Analyte,15,NO,NO,NR,NR,NR,NR,NR,NR,NR,NO,NR,NO,NR,NO,NR,NR,NO,NR,NR
2,10.1021/cm302735b,2013,Colloid,IRMOF-10 (MOF-5),particle,Au,Nanorod,Encapsulation,11-mercaptoundecanoic acidid,Ar-ion laser,785,2,NR,10,"2,6-biphenylpyridine",Liquid,Analyte,15,NO,NO,NR,NR,NR,NR,NR,NR,NR,NO,NR,NO,NR,NO,NR,NR,NO,NR,NR
3,10.1002/jrs.4378,2013,Casted particles,MIL-100 (Al),particle,None,NR,NR,NR,He-Ne laser,632.8,NR,NR,NR,Methyl orange,Liquid,Analyte,None,NO,NO,NR,NR,NR,NR,CM,EF,60,NO,NR,NO,NR,NO,NR,NR,NO,NR,NR
3,10.1002/jrs.4378,2013,Casted particles,MIL-100 (Cr),particle,None,NR,NR,NR,He-Ne laser,632.8,NR,NR,NR,Methyl orange,Liquid,Analyte,None,NO,NO,NR,NR,NR,NR,CM,EF,NR,NO,NR,NO,NR,NO,NR,NR,NO,NR,NR
3,10.1002/jrs.4378,2013,Casted particles,MIL-101 (Cr),particle,None,NR,NR,NR,He-Ne laser,632.8,NR,NR,NR,Methyl orange,Liquid,Analyte,None,NO,NO,NR,NR,NR,NR,CM,EF,120,NO,NR,NO,NR,NO,NR,NR,NO,NR,NR
4,10.1002/anie.201209903,2013,Casted particles,IRMOF-10 (MOF-5),particle,Au,sphereNRlike,oneNRpot,PVP,He-Ne laser,633,1,10,NR,CO2,gas,Analyte,6,NO,YES,"CO2 vs N2, O2, CO",Yes,NR,NR,NR,AEF,2.40E+03,NO,NR,NO,NR,NO,NR,NR,NO,NR,NR
5,10.1021/ac5002355,2014,Casted particles,MIL-101 (Cr),particle,Au,NPs,Diffusion-reaction,none,Diode laser,785,NR,NR,NR,Rhodamine 6G,Liquid,Analyte,540,YES,NO,NR,NR,NR,NR,NR,NR,NR,NO,NR,NO,NR,NO,NR,NR,NO,NR,NR
5,10.1021/ac5002355,2014,Casted particles,MIL-101 (Cr),particle,Au,NPs,Diffusion-reaction,none,Diode laser,785,NR,NR,NR,Benzidine,Liquid,Analyte,NR,NO,NO,NR,NR,NR,NR,NR,NR,NR,NO,NR,NO,NR,NO,NR,NR,NO,NR,NR
5,10.1021/ac5002355,2014,Casted particles,MIL-101 (Cr),particle,Au,NPs,Diffusion-reaction,none,Diode laser,785,NR,NR,NR,4-aminothiophenol,Liquid,Analyte,NR,NO,NO,NR,NR,NR,NR,NR,NR,NR,NO,NR,NO,NR,NO,NR,NR,NO,NR,NR
5,10.1021/ac5002355,2014,Casted particles,MIL-101 (Cr),particle,Au,NPs,Diffusion-reaction,none,Diode laser,785,NR,NR,NR,diphenylamine,Liquid,Analyte,NR,NO,NO,NR,NR,NR,NR,NR,NR,NR,NO,NR,NO,NR,NO,NR,NR,NO,NR,NR
5,10.1021/ac5002355,2014,Casted particles,MIL-101 (Cr),particle,Au,NPs,Diffusion-reaction,none,Diode laser,785,NR,NR,NR,"4,4-bipyridine",Liquid,Analyte,15,YES,NO,NR,NR,NR,NR,NR,NR,NR,NO,NR,NO,NR,NO,NR,NR,NO,NR,NR
5,10.1021/ac5002355,2014,Casted particles,MIL-101 (Cr),particle,Au,NPs,Diffusion-reaction,none,Diode laser,785,NR,NR,NR,p-phenylenediamine,Liquid,Analyte,4,YES,NO,NR,NR,NR,NR,NR,NR,NR,NO,NR,NO,NR,NO,NR,NR,NO,NR,NR
5,10.1021/ac5002355,2014,Casted particles,MIL-101 (Cr),particle,Au,NPs,Diffusion-reaction,none,Diode laser,785,NR,NR,NR,p-Phenylenediamine,Liquid,Analyte,4,YES,NO,NR,NR,8,9,NR,NR,NR,YES,9,NO,NR,NO,1 - 100 ng/mL (LOG),0.1 ng/mL,YES,>80%,sewage and river water
5,10.1021/ac5002355,2014,Casted particles,MIL-101 (Cr),particle,Au,NPs,Diffusion-reaction,none,Diode laser,785,NR,NR,NR,Alpha-Fetoprotein,Liquid,Analyte,NR,NO,NO,NR,NR,11,9,NR,NR,NR,YES,8,YES,ELISA test,NO,1 - 130 ng/mL (LOG),NR,YES,>80%,Human serum
6,10.1039/C4AN00413B,2014,Solid,ZIF-8,film,Ag,FON,LPE,none,Ti:sapphire laser,785,1,NR,10,Benzene,gas,Analyte,10,NO,NO,NR,NR,NR,NR,NR,NR,NR,NO,NR,NO,NR,NO,NR,540 ppm,NO,NR,NR
6,10.1039/C4AN00413B,2014,Solid,ZIF-8,film,Ag,FON,LPE,none,Ti:sapphire laser,785,1,NR,10,Toluene,gas,Analyte,840,NO,NO,NR,NR,NR,NR,NR,NR,NR,NO,NR,NO,NR,NO,NR,NR,NO,NR,NR
6,10.1039/C4AN00413B,2014,Solid,ZIF-8,film,Ag,FON,LPE,none,Ti:sapphire laser,785,1,NR,10,Pyridine,gas,Analyte,840,NO,NO,NR,NR,NR,NR,NR,NR,NR,NO,NR,NO,NR,NO,NR,NR,NO,NR,NR
6,10.1039/C4AN00413B,2014,Solid,ZIF-8,film,Ag,FON,LPE,none,Ti:sapphire laser,785,1,NR,10,Nitrobenzene,gas,Analyte,840,NO,NO,NR,NR,NR,NR,NR,NR,NR,NO,NR,NO,NR,NO,NR,NR,NO,NR,NR
6,10.1039/C4AN00413B,2014,Solid,ZIF-8,film,Ag,FON,LPE,none,Ti:sapphire laser,785,1,NR,10,"2,6-di-tert-butylpyridine",gas,Analyte,840,NO,NO,NR,NR,NR,NR,NR,NR,NR,NO,NR,NO,NR,NO,NR,NR,NO,NR,NR
7,10.1039/C5AN01657F,2015,Casted particles,MIL-100 (Fe),particle,Au,sphereNRlike,LbL ,PVP,Diode laser,785,NR,NR,3,Malachite green,Liquid,Analyte,5,NO,NO,NR,NR,13.4,3,NR,NR,NR,YES,8,NO,NR,NO,0.03 - 1 uMolar,8 nM,YES,86.5–106.4%,Aquaculture water
7,10.1039/C5AN01657F,2015,Casted particles,MIL-100 (Fe),particle,Au,sphereNRlike,LbL ,PVP,Diode laser,785,NR,NR,3,CS2,gas,Analyte,5,NO,NO,NR,NR,NR,NR,NR,NR,NR,NO,NR,NO,NR,NO,NR,NR,NO,NR,NR
8,10.1021/acs.analchem.5b03058,2015,Casted particles,MIL-100 (Fe),particle,Ag,NPs,in-situ reduction,none,NR,532,28,NR,10,Crystal violet,Liquid,Analyte,30,NO,NO,NR,NR,NR,NR,NR,NR,NR,NO,NR,NO,NR,NO,NR,NR,NO,NR,NR
8,10.1021/acs.analchem.5b03058,2015,Casted particles,MIL-100 (Fe),particle,Ag,NPs,in-situ reduction,none,NR,532,28,NR,10,Malachite green,Liquid,Analyte,30,NO,NO,NR,NR,15,15,NR,NR,NR,NO,NR,NO,NR,NO,NR,NR,NO,NR,NR
8,10.1021/acs.analchem.5b03058,2015,Casted particles,MIL-100 (Fe),particle,Ag,NPs,in-situ reduction,none,NR,532,28,NR,10,Rhodamine 6G,Liquid,Analyte,30,NO,NO,NR,NR,NR,NR,NR,EF,1.80E+05,NO,NR,NO,NR,NO,NR,NR,NO,NR,NR
8,10.1021/acs.analchem.5b03058,2015,Casted particles,MIL-100 (Fe),particle,Ag,NPs,in-situ reduction,none,NR,532,28,NR,10,4-aminothiophenol,Liquid,Analyte,30,NO,NO,NR,NR,NR,NR,NR,NR,NR,NO,NR,NO,NR,NO,NR,NR,NO,NR,NR
8,10.1021/acs.analchem.5b03058,2015,Casted particles,MIL-100 (Fe),particle,Ag,NPs,in-situ reduction,none,NR,532,28,NR,10,Dopamine,Liquid,Dye (ABTS),20,NO,YES,Urine matrix,Yes,11,11,NR,NR,NR,YES,11,NO,NR,NO,1.054 pM - 210.8 nM,0.32 pM,YES,99.8−108.0%,Urine
9,10.1039/C6RA16042E,2016,Casted particles,MIL-101 (Cr),particle,Ag,NPs,in-situ reduction,none,laser,532,0.3,NR,20,Rhodamine 6G,Liquid,Analyte,None,NO,NO,NR,NR,NR,NR,NR,EF,5.20E+03,NO,NR,NO,NR,NO,NR,NR,NO,NR,NR
9,10.1039/C6RA16042E,2016,Colloid,MIL-101 (Cr),particle,Ag,NPs,in-situ reduction,none,laser,532,28,NR,20,Folic acid,Liquid,Analyte,80,NO,YES,Urine matrix,Yes,8.3,NR,NR,NR,NR,YES,9,NO,NR,NO,0.5 - 25 uMolar,0.30 microM,YES,97 - 101%,Urine
10,10.1039/C6CC00320F,2016,Casted particles,MOF-1,particle,Ag,helical NPs,in-situ reduction,none,Ar-ion laser,633,5,10,NR,L/D Cysteine,Liquid,Analyte,NR,NO,NO,NR,Yes,NR,NR,NR,NR,NR,NO,NR,NO,NR,NO,NR,NR,NO,NR,NR
10,10.1039/C6CC00320F,2016,Casted particles,MOF-1,particle,Ag,helical NPs,in-situ reduction,none,Ar-ion laser,633,5,10,NR,L/D Asparagine,Liquid,Analyte,NR,NO,NO,NR,Yes,NR,NR,NR,NR,NR,NO,NR,NO,NR,NO,NR,NR,NO,NR,NR
11,10.1021/acsami.6b01112,2016,Casted particles,IRMOF-3,particle,Au,tetrapod,binding,none,Laser,785,280,NR,10,N-terminal pro-brain natriuretic peptide (NT-proBNP),Liquid,Dye (Toluidine blue),Not applicable,NO,YES,"human alphafetoprotein (AFP), carcinoembryonic antigen (CEA), glucose (GLU), human serum albumin (HSA) and immunoglobulin G (IgG)",Yes,3.65,5,NR,NR,NR,YES,7,NO,NR,NO,1E-3 - 1E3 pg/mL,0.75 fg/mL,YES,90.66 - 105.1%,Human serum
12,10.1002/smll.201600947,2016,Colloid,ZIF-8,particle,"Au, Ag/Au",Nanorods,Encapsulation,CTAB/CTAC,Diode laser,785,NR,NR,NR,4-nitrobenzenthiol,Liquid,Analyte,250,YES,NO,NR,NR,NR,NR,NR,NR,NR,NO,NR,NO,NR,NO,NR,NR,NO,NR,NR
12,10.1002/smll.201600947,2016,Colloid,ZIF-8,particle,"Au, Ag/Au",Nanorods,Encapsulation,CTAB/CTAC,Diode laser,785,NR,NR,NR,1-naphtalenethiol,Liquid,Analyte,250,YES,NO,NR,NR,NR,NR,NR,NR,NR,NO,NR,NO,NR,NO,NR,NR,NO,NR,NR
12,10.1002/smll.201600947,2016,Colloid,ZIF-8,particle,"Au, Ag/Au",Nanorods,Encapsulation,CTAB/CTAC,Diode laser,785,NR,NR,NR,Malachite green isothiocyanate ,Liquid,Analyte,1000,YES,NO,NR,NR,NR,NR,NR,NR,NR,NO,NR,NO,NR,NO,NR,NR,NO,NR,NR
13,10.1021/acsnano.7b00905,2017,Casted particles,MIL-101 (Cr),particle,Au,NPs,in-situ reduction,none,Laser,633,NR,NR,NR,Glucose and lactate,Liquid,Dye (Malachite green),NR,NO,YES,Living rat brains,NR,5.68,10,NR,NR,NR,NO,NR,NO,NR,NO,NR,NR,NO,NR,NR
14,10.1039/c7an00534b,2017,NR,MOF-199,particle,Au,NPs,in-situ reduction,none,laser,780,200,NR,4,acetamiprid ,Liquid,Analyte,140,NO,NO,NR,NR,9.2,30,NR,NR,NR,YES,6,NO,NR,NO,NR,0.02 microM,NO,NR,NR
14,10.1039/c7an00534b,2017,NR,UiO-66,particle,Au,NPs,in-situ reduction,none,laser,780,200,NR,4,acetamiprid ,Liquid,Analyte,140,NO,NO,NR,NR,19.5,30,NR,NR,NR,YES,6,NO,NR,NO,NR,0.009 microM,NO,NR,NR
14,10.1039/c7an00534b,2017,NR,UiO-67,particle,Au,NPs,in-situ reduction,none,laser,780,200,NR,4,acetamiprid ,Liquid,Analyte,140,NO,NO,NR,NR,10.9,30,NR,NR,NR,YES,6,NO,NR,NO,NR,0.02 microM,NO,NR,NR
15,10.1016/j.aca.2017.10.006,2018,Casted particles@TLC,MIL-101 (Cr),particle,Au,NPs,in-situ reduction,none,laser,785,90,5,NR,Rhodamine 6G,Liquid,Analyte,Not applicable,NO,NO,NR,NR,18,20,NR,NR,NR,NO,NR,NO,NR,NO,NR,NR,NO,NR,NR
15,10.1016/j.aca.2017.10.006,2018,Casted particles@TLC,MIL-101 (Cr),particle,Au,NPs,in-situ reduction,none,laser,785,90,5,NR,Crystal violet,Liquid,Analyte,Not applicable,NO,NO,NR,NR,NR,NR,NR,NR,NR,NO,NR,NO,NR,NO,NR,NR,NO,NR,NR
15,10.1016/j.aca.2017.10.006,2018,Casted particles@TLC,MIL-101 (Cr),particle,Au,NPs,in-situ reduction,none,laser,785,90,5,NR,"4,4-bipyridine",Liquid,Analyte,Not applicable,NO,NO,NR,NR,NR,NR,NR,NR,NR,NO,NR,NO,NR,NO,NR,NR,NO,NR,NR
15,10.1016/j.aca.2017.10.006,2018,Casted particles@TLC,MIL-101 (Cr),particle,Au,NPs,in-situ reduction,none,laser,785,90,5,NR,benzidine,Liquid,Analyte,Not applicable,NO,NO,NR,NR,NR,NR,NR,NR,NR,NO,NR,NO,NR,NO,NR,NR,NO,NR,NR
15,10.1016/j.aca.2017.10.006,2018,Casted particles@TLC,MIL-101 (Cr),particle,Au,NPs,in-situ reduction,none,laser,785,90,5,NR,fosinopril sodium (FOS),Liquid,Analyte,Not applicable,NO,NO,NR,NR,NR,NR,NR,NR,NR,NO,NR,NO,NR,NO,NR,NR,YES,YES,botanical dietary supplements 
15,10.1016/j.aca.2017.10.006,2018,Casted particles@TLC,MIL-101 (Cr),particle,Au,NPs,in-situ reduction,none,laser,785,90,5,NR,enalaprilat (ENL),Liquid,Analyte,Not applicable,NO,NO,NR,NR,NR,NR,NR,NR,NR,NO,NR,NO,NR,NO,NR,NR,YES,YES,botanical dietary supplements 
16,10.1002/adma.201702275,2018,Casted particles,ZIF-8,particle,Au,Superparticle,Encapsulation,PVP@GSP@DTAB/oleylamine@Au,Diode laser,785,1,10,NR,Rhodamine 6G,Liquid,Analyte,NR,NO,NO,NR,NR,NR,NR,NR,NR,NR,NO,NR,NO,NR,NO,NR,NR,NO,NR,NR
16,10.1002/adma.201702275,2018,Casted particles,ZIF-8,particle,Au,Superparticle,Encapsulation,PVP@GSP@DTAB/oleylamine@Au,Diode laser,785,1,10,NR,p-aminothionphenol ,Liquid,Analyte,10,NO,NO,NR,NR,NR,NR,NR,NR,NR,NO,NR,NO,NR,NO,NR,NR,NO,NR,NR
16,10.1002/adma.201702275,2018,Casted particles,ZIF-8,particle,Au,Superparticle,Encapsulation,PVP@GSP@DTAB/oleylamine@Au,Diode laser,785,1,10,NR,p-hydroxy thiophenol ,Liquid,Analyte,10,NO,NO,NR,NR,NR,NR,NR,NR,NR,NO,NR,NO,NR,NO,NR,NR,NO,NR,NR
16,10.1002/adma.201702275,2018,Casted particles,ZIF-8,particle,Au,Superparticle,Encapsulation,PVP@GSP@DTAB/oleylamine@Au,Diode laser,785,1,10,NR,4-mercaptobenzoic acid,Liquid,Analyte,10,NO,NO,NR,NR,NR,NR,NR,NR,NR,NO,NR,NO,NR,NO,NR,NR,NO,NR,NR
16,10.1002/adma.201702275,2018,Casted particles,ZIF-8,particle,Au,Superparticle,Encapsulation,p-aminothiophenol/PVP@GSP@DTAB/oleylamine@Au,Diode laser,785,1,10,NR,4-ethylbenzaldehyde,Gas,Analyte,10,NO,YES,Gas mixture of VOCs,YES,NR,NR,NR,NR,NR,YES,5,NO,NR,YES,1E-8 - 1E-4 v/v (log),1E-10 M,NO,NR,NR
17,10.1039/c8cc00564h,2018,Solid,ZIF-8,film,Ag,Nanocubes,LPE,"1H,1H,2H,2H-perfluorodecanethiol",Laser,532,0.5,NR,NR,4-methylbenzenethiol ,gas,Analyte,10,YES,NO,NR,NR,NR,NR,NR,AEF,7.10E+06,NO,NR,NO,NR,NO,NR,NR,NO,NR,NR
17,10.1039/c8cc00564h,2018,Solid,ZIF-8,film,Ag,Nanocubes,LPE,"1H,1H,2H,2H-perfluorodecanethiol",Laser,532,0.5,NR,NR,2-naphtalenethiol,gas,Analyte,30,NO,NO,NR,NR,NR,NR,NR,NR,NR,NO,NR,NO,NR,NO,NR,NR,NO,NR,NR
17,10.1039/c8cc00564h,2018,Solid,ZIF-8,film,Ag,Nanocubes,LPE,"1H,1H,2H,2H-perfluorodecanethiol",Laser,532,0.5,1,NR,Toluene,gas,Analyte,30,NO,NO,NR,NR,NR,NR,NR,NR,NR,YES,7,NO,NR,NO,200 - 20000 ppm (log),NR,NO,NR,NR
17,10.1039/c8cc00564h,2018,Solid,ZIF-8,film,Ag,Nanocubes,LPE,"1H,1H,2H,2H-perfluorodecanethiol",Laser,532,0.38,15,NR,Chloroform,gas,Analyte,30,NO,NO,NR,NR,NR,NR,NR,NR,NR,NO,NR,NO,NR,NO,NR,50 ppb,NO,NR,NR
18,10.1021/acsami.8b01765,2018,Colloid,MIL-101 (Fe),particle,Au,NPs,LbL ,inositol hexaphosphate,laser,633,5,3,6,Rhodamine 6G,Liquid,Analyte,NR,NO,NO,NR,NR,18.15,NR,CM-EM,AEF,1.80E+06,NO,NR,NO,NR,NO,NR,NR,NO,NR,NR
18,10.1021/acsami.8b01765,2018,Colloid,MIL-101 (Fe),particle,Au,NPs,LbL ,inositol hexaphosphate,laser,633,5,3,6,Methenamine,Liquid,Analyte,3,YES,YES,"Ascorbic acid, starch, cysteine",Yes,NR,NR,NR,NR,NR,YES,6,YES,UV-VIS HPLC,NO,1E-8 - 3.16E-6 M (log),5E-10 M,YES,81.3-100.7%,Vermicelli extract
19,10.1021/acsami.8b03457,2018,Colloid,MIL-100 (Fe),particle,Au,NPs,LbL ,thioglycolic acid,He-Ne laser,633,NR,NR,NR,Rhodamine 6G,Liquid,Analyte,180,NO,NO,NR,NR,NR,NR,NR,NR,NR,NO,NR,NO,NR,NO,NR,NR,NO,NR,NR
19,10.1021/acsami.8b03457,2018,Colloid,MIL-100 (Fe),particle,Au,NPs,LbL ,thioglycolic acid,He-Ne laser,633,NR,NR,NR,"3,3′,5,5′-tetramethylbenzidine",Liquid,Analyte,NR,NO,NO,NR,NR,NR,NR,NR,NR,NR,NO,NR,NO,NR,NO,NR,NR,NO,NR,NR
20,10.1002/anie.201809813,2019,Solid,ZIF-8,film,Ag,Nanocubes,LPE,"1H,1H,2H,2H-perfluorodecanethiol",Laser,532,0.07,5,NR,aniline,liquid,Analyte,120,YES,YES,Solvent ,Yes,NR,NR,NR,NR,NR,NO,NR,NO,NR,NO,NR,NR,NO,NR,NR
21,10.1021/jacs.8b09414,2018,Casted particles,ZIF-67,particle,None,NR,NR,NR,laser,532,0.3,5,NR,Rhodamine 6G,Liquid,Analyte,120,NO,NO,NR,NR,17.7,80,CM,EF,1.90E+06,NO,NR,NO,NR,NO,NR,NR,NO,NR,NR
21,10.1021/jacs.8b09414,2018,Casted particles,ZIF-67,particle,None,NR,NR,NR,laser,633,0.3,5,NR,Rhodamine 6G,Liquid,Analyte,120,NO,NO,NR,NR,NR,NR,CM,EF,NR,NO,NR,NO,NR,NO,NR,NR,NO,NR,NR
21,10.1021/jacs.8b09414,2018,Casted particles,ZIF-67,particle,None,NR,NR,NR,laser,532,0.3,5,NR,Methyl orange,Liquid,Analyte,120,NO,NO,NR,NR,NR,NR,CM,EF,NR,NO,NR,NO,NR,NO,NR,NR,NO,NR,NR
21,10.1021/jacs.8b09414,2018,Casted particles,ZIF-67,particle,None,NR,NR,NR,laser,633,0.3,5,NR,Methyl orange,Liquid,Analyte,120,NO,NO,NR,NR,NR,NR,CM,EF,NR,NO,NR,NO,NR,NO,NR,NR,NO,NR,NR
21,10.1021/jacs.8b09414,2018,Casted particles,ZIF-67,particle,None,NR,NR,NR,laser,532,0.3,5,NR,Benzaldehide,Liquid,Analyte,120,NO,NO,NR,NR,NR,NR,CM,EF,NR,NO,NR,NO,NR,NO,NR,NR,NO,NR,NR
21,10.1021/jacs.8b09414,2018,Casted particles,Co-TCPP,particle,None,NR,NR,NR,laser,532,0.3,5,NR,Rhodamine 6G,Liquid,Analyte,120,NO,NO,NR,NR,22.7,60,CM,EF,2.70E+04,NO,NR,NO,NR,NO,NR,NR,NO,NR,NR
21,10.1021/jacs.8b09414,2018,Casted particles,MOF-74 (Co),particle,None,NR,NR,NR,laser,532,0.3,5,NR,Rhodamine 6G,Liquid,Analyte,120,NO,NO,NR,NR,37.7,40,CM,EF,4.40E+03,NO,NR,NO,NR,NO,NR,NR,NO,NR,NR
21,10.1021/jacs.8b09414,2018,Casted particles,Zn-TCPP,particle,None,NR,NR,NR,laser,532,0.3,5,NR,Rhodamine 6G,Liquid,Analyte,120,NO,NO,NR,NR,NR,NR,CM,EF,NR,NO,NR,NO,NR,NO,NR,NR,NO,NR,NR
21,10.1021/jacs.8b09414,2018,Casted particles,Cu-TCPP,particle,None,NR,NR,NR,laser,532,0.3,5,NR,Rhodamine 6G,Liquid,Analyte,120,NO,NO,NR,NR,32,60,CM,EF,NR,NO,NR,NO,NR,NO,NR,NR,NO,NR,NR
21,10.1021/jacs.8b09414,2018,Casted particles,ZIF-8,particle,None,NR,NR,NR,laser,532,0.3,5,NR,Rhodamine 6G,Liquid,Analyte,120,NO,NO,NR,NR,NR,NR,CM,EF,NR,NO,NR,NO,NR,NO,NR,NR,NO,NR,NR
21,10.1021/jacs.8b09414,2018,Casted particles,ZIF-8,particle,None,NR,NR,NR,laser,633,0.3,5,NR,Rhodamine 6G,Liquid,Analyte,120,NO,NO,NR,NR,NR,NR,CM,EF,NR,NO,NR,NO,NR,NO,NR,NR,NO,NR,NR
21,10.1021/jacs.8b09414,2018,Casted particles,ZIF-8,particle,None,NR,NR,NR,laser,532,0.3,5,NR,Methyl orange,Liquid,Analyte,120,NO,NO,NR,NR,15.79,60,CM,EF,NR,NO,NR,NO,NR,NO,NR,NR,NO,NR,NR
21,10.1021/jacs.8b09414,2018,Casted particles,ZIF-8,particle,None,NR,NR,NR,laser,633,0.3,5,NR,Methyl orange,Liquid,Analyte,120,NO,NO,NR,NR,NR,NR,CM,EF,NR,NO,NR,NO,NR,NO,NR,NR,NO,NR,NR
22,10.1007/s00604-019-3257-4,2019,Casted particles,MIL-100 (Fe),film,Au,NPs,LPE,PVP,He-Ne laser,633,1,5,25,Malachite green,Liquid,Analyte,60,NO,YES,Lake water,Yes,12.9,10,CM-EM,NR,NR,YES,4,NO,NR,NO,1E-8 - 1E-5 (log),4.4 nM,NO,NR,lake water
22,10.1007/s00604-019-3257-4,2019,Casted particles,MIL-100 (Fe),film,Au,NPs,LPE,PVP,He-Ne laser,633,1,5,25,Thiram,Liquid,Analyte,60,NO,YES,Lake water,Yes,5.9,10,CM-EM,NR,NR,YES,5,NO,NR,NO,1E-7 - 1E-5 (log),15 nm,NO,NR,lake water
23,10.1021/jacs.8b11300,2019,Casted particles,NU-901,particle,Au,Nanorod,LPE,PEG-SH,laser,785,0.3,30,NR,4′-mercaptobiphenylcarbonitrile,Liquid,Analyte,840,NO,NO,NR,NR,NR,NR,NR,NR,NR,NO,NR,NO,NR,NO,NR,NR,NO,NR,NR
23,10.1021/jacs.8b11300,2019,Casted particles,NU-901,particle,Au,Nanorod,LPE,PEG-SH,laser,785,0.3,30,NR,biphenyl-thiol,Liquid,Analyte,840,NO,NO,NR,NR,NR,NR,NR,NR,NR,NO,NR,NO,NR,NO,NR,NR,NO,NR,NR
24,10.1039/c9nr00041k,2019,Not clear,HKUST-1,particle,Au,NPs,LbL ,4-mercaptobenzoic acid,laser,532,30,1,1,4-mercaptobenzoic acid,Surface,Analyte,Not applicable,NO,NO,NR,NR,NR,NR,NR,NR,NR,NO,NR,NO,NR,NO,NR,NR,NO,NR,NR
25,10.1016/j.jhazmat.2019.01.070,2019,Casted particles,ZIF-8,particle,Au/Ag,NPs,Encapsulation,NR,laser,785,2,NR,5,Hexachlorocyclohexane,Liquid,Analyte,540,YES,NO,NR,NR,NR,NR,NR,EF,3.00E+07,NO,NR,NO,NR,NO,NR,5E-9 M,NO,NR,NR
25,10.1016/j.jhazmat.2019.01.070,2019,Casted particles,ZIF-8,particle,Au/Ag,NPs,Encapsulation,NR,laser,785,2,NR,5,4-aminothiophenol,Liquid,Analyte,480,YES,NO,NR,NR,NR,NR,NR,NR,NR,NO,NR,NO,NR,NO,NR,NR,NO,NR,NR
26,10.1039/c9ta03690c,2019,solid,HKUST-1,film,Ag,NPs,electrosynthesis,none,laser,785,30,3,NR,4-aminothiophenol,Liquid,Analyte,NR,NO,NO,NR,NR,NR,NR,NR,EF,5.60E+04,NO,NR,NO,NR,NO,NR,50 nM,NO,NR,NR
26,10.1039/c9ta03690c,2019,solid,HKUST-1,film,Ag,NPs,electrosynthesis,none,laser,785,30,3,NR,Antracene,Liquid,Analyte,NR,NO,NO,NR,NR,8.1,5,NR,NR,NR,YES,10,NO,NR,NO,50 - 1E8 nM,20 nM,YES,111.2 - 112.3 %,River water
26,10.1039/c9ta03690c,2019,solid,HKUST-1,film,Ag,NPs,electrosynthesis,none,laser,785,30,3,NR,Antracene,Liquid,Analyte,NR,NO,NO,NR,NR,8.1,5,NR,NR,NR,YES,10,NO,NR,NO,50 - 1E8 nM,20 nM,YES,80.62 - 102.6 %,Sewage water
26,10.1039/c9ta03690c,2019,solid,HKUST-1,film,Ag,NPs,electrosynthesis,none,laser,785,30,3,NR,Antracene,Liquid,Analyte,NR,NO,NO,NR,NR,8.1,5,NR,NR,NR,YES,10,NO,NR,NO,50 - 1E8 nM,20 nM,YES,97.26 - 118.2 %,Seawater
26,10.1039/c9ta03690c,2019,solid,HKUST-1,film,Ag,NPs,electrosynthesis,none,laser,785,30,3,NR,Pyrene,Liquid,Analyte,NR,NO,NO,NR,NR,8.1,5,NR,NR,NR,YES,10,NO,NR,NO,0.5 - 5E8 nM,0.15 nM,YES,113 - 115.5 %,River water
26,10.1039/c9ta03690c,2019,solid,HKUST-1,film,Ag,NPs,electrosynthesis,none,laser,785,30,3,NR,Pyrene,Liquid,Analyte,NR,NO,NO,NR,NR,8.1,5,NR,NR,NR,YES,10,NO,NR,NO,0.5 - 5E8 nM,0.15 nM,YES,106.5 - 116.8%,Sewage water
26,10.1039/c9ta03690c,2019,solid,HKUST-1,film,Ag,NPs,electrosynthesis,none,laser,785,30,3,NR,Pyrene,Liquid,Analyte,NR,NO,NO,NR,NR,8.1,5,NR,NR,NR,YES,10,NO,NR,NO,0.5 - 5E8 nM,0.15 nM,YES,83.51 - 103.2 %,Seawater
26,10.1039/c9ta03690c,2019,solid,HKUST-1,film,Ag,NPs,electrosynthesis,none,laser,785,30,3,NR,Perylene,Liquid,Analyte,NR,NO,NO,NR,NR,8.1,5,NR,NR,NR,YES,10,NO,NR,NO,10 - 1E8 nM,3 nM,YES,85.61 - 93.1 %,River water
26,10.1039/c9ta03690c,2019,solid,HKUST-1,film,Ag,NPs,electrosynthesis,none,laser,785,30,3,NR,Perylene,Liquid,Analyte,NR,NO,NO,NR,NR,8.1,5,NR,NR,NR,YES,10,NO,NR,NO,10 - 1E8 nM,3 nM,YES,93.1 - 113.5 %,Sewage water
26,10.1039/c9ta03690c,2019,solid,HKUST-1,film,Ag,NPs,electrosynthesis,none,laser,785,30,3,NR,Perylene,Liquid,Analyte,NR,NO,NO,NR,NR,8.1,5,NR,NR,NR,YES,10,NO,NR,NO,10 - 1E8 nM,3 nM,YES,90.32 - 97.42 %,Seawater
26,10.1039/c9ta03690c,2019,solid,HKUST-1,film,Ag,NPs,electrosynthesis,none,laser,785,30,3,NR,4-chlorobiphenil,Liquid,Analyte,NR,NO,NO,NR,NR,8.1,5,NR,NR,NR,YES,10,NO,NR,NO,20 - 2E8 nM,5 nM,YES,87.53 - 95.12 %,River water
26,10.1039/c9ta03690c,2019,solid,HKUST-1,film,Ag,NPs,electrosynthesis,none,laser,785,30,3,NR,4-chlorobiphenil,Liquid,Analyte,NR,NO,NO,NR,NR,8.1,5,NR,NR,NR,YES,10,NO,NR,NO,20 - 2E8 nM,5 nM,YES,86.51 - 96.32 %,Sewage water
26,10.1039/c9ta03690c,2019,solid,HKUST-1,film,Ag,NPs,electrosynthesis,none,laser,785,30,3,NR,4-chlorobiphenil,Liquid,Analyte,NR,NO,NO,NR,NR,8.1,5,NR,NR,NR,YES,10,NO,NR,NO,20 - 2E8 nM,5 nM,YES,102.6 - 110.5 %,Seawater
27,10.1007/s00604-019-3618-z,2019,casted particles,MOF-74 (Mg),particle,Au,Nps,Encapsulation,PVP,laser,785,NR,NR,NR,4-nitrobenzenthiol,Liquid,Analyte,10,NO,NO,NR,NR,7.2,15,NR,EF,2.89E+05,YES,7,NO,NR,NO,0.1 - 10 microM,69 nM,NO,NR,NR
28,10.1016/j.snb.2019.05.017,2019,Colloid,MIL-101 (Fe),particle,Au,NPs,in-situ reduction,inositol hexaphosphate,laser,633,NR,8,3x,Rhodamine 6G,Liquid,Analyte,NR,NO,NO,NR,NR,9.3,30,NR,AEF,3.10E+05,NO,NR,NO,NR,NO,NR,NR,NO,NR,NR
28,10.1016/j.snb.2019.05.017,2019,Colloid,MIL-101 (Fe),particle,Au,NPs,in-situ reduction,inositol hexaphosphate,laser,633,NR,8,3x,Thiabendazole,Liquid,Analyte,NR,NO,YES,"Methyl parathion, parathion, chlorpyrifos, triazophos",Yes,NR,NR,NR,NR,NR,YES,6,NO,NR,NO,1.5 - 75 ppm,50 ppb,YES,84.34 - 113.12 %,Juice
29,10.1016/j.aca.2019.03.058,2019,Solid,IRMOF-10 (MOF-5),film,Au,grating,LPE,4-carboxybenzenediazonium tosylate,laser,785,15,3,90,Rhodamine 6G,Liquid,Analyte,30,NO,NO,NR,NR,NR,NR,NR,EF,9.70E+05,NO,NR,NO,NR,NO,NR,NR,NO,NR,NR
29,10.1016/j.aca.2019.03.058,2019,Solid,IRMOF-10 (MOF-5),film,Au,grating,LPE,4-carboxybenzenediazonium tosylate,laser,785,15,3,90,Sudan III,Liquid,Analyte,30,NO,YES,Mix of three,Yes,4.1,3,NR,NR,NR,NO,NR,NO,NR,NO,NR,NR,NO,NR,NR
29,10.1016/j.aca.2019.03.058,2019,Solid,IRMOF-10 (MOF-5),film,Au,grating,LPE,4-carboxybenzenediazonium tosylate,laser,785,15,3,90,Paraoxon,Liquid,Analyte,30,NO,YES,Mix of three,Yes,3.6,3,NR,NR,NR,YES,9,NO,NR,NO,1E-12 - 1E-6 M,1E-12 M,NO,NR,97.5
29,10.1016/j.aca.2019.03.058,2019,Solid,IRMOF-10 (MOF-5),film,Au,grating,LPE,4-carboxybenzenediazonium tosylate,laser,785,15,3,90,Fenitrothion,Liquid,Analyte,30,NO,NO,NR,NR,NR,NR,NR,NR,NR,YES,9,NO,NR,NO,1E-12 - 1E-6 M,NR,NO,NR,NR
29,10.1016/j.aca.2019.03.058,2019,Solid,IRMOF-10 (MOF-5),film,Au,grating,LPE,4-carboxybenzenediazonium tosylate,laser,785,15,3,90,Fumonisin,Liquid,Analyte,30,NO,YES,Mix of three,Yes,NR,NR,NR,NR,NR,NO,NR,NO,NR,NO,NR,NR,NO,NR,NR
30,10.1016/j.cej.2019.03.236,2019,Casted particles,ZIF-8,particle,Ag,nanowire,Encapsulation,PVP,laser,532,1,3,NR,Crystal violet,Liquid,Analyte,2,NO,NO,NR,NR,11.6,50,NR,AEF,4.20E+07,NO,NR,NO,NR,NO,NR,1E-8 M,NO,NR,NR
30,10.1016/j.cej.2019.03.236,2019,Casted particles,ZIF-8,particle,Ag,nanowire,Encapsulation,PVP,laser,532,1,3,NR,Toluylene red,Liquid,Analyte,2,NO,NO,NR,NR,NR,NR,NR,NR,NR,NO,NR,NO,NR,NO,NR,NR,NO,NR,NR
30,10.1016/j.cej.2019.03.236,2019,Casted particles,ZIF-8,particle,Ag,nanowire,Encapsulation,PVP,laser,532,1,3,NR,Methylen blue,Liquid,Analyte,2,NO,NO,NR,NR,NR,NR,NR,NR,NR,NO,NR,NO,NR,NO,NR,NR,NO,NR,NR
30,10.1016/j.cej.2019.03.236,2019,Casted particles,ZIF-8,particle,Ag,nanowire,Encapsulation,PVP,laser,532,1,3,NR,Eriochrome black T,Liquid,Analyte,2,NO,NO,NR,NR,NR,NR,NR,NR,NR,NO,NR,NO,NR,NO,NR,NR,NO,NR,NR
30,10.1016/j.cej.2019.03.236,2019,Casted particles,ZIF-8,particle,Ag,nanowire,Encapsulation,PVP,laser,532,1,3,NR,Xylenol orange,Liquid,Analyte,2,NO,NO,NR,NR,NR,NR,NR,NR,NR,NO,NR,NO,NR,NO,NR,NR,NO,NR,NR
30,10.1016/j.cej.2019.03.236,2019,Casted particles,ZIF-8,particle,Ag,nanowire,Encapsulation,PVP,laser,532,1,3,NR,Methyl blue,Liquid,Analyte,2,NO,NO,NR,NR,NR,NR,NR,NR,NR,NO,NR,NO,NR,NO,NR,NR,NO,NR,NR
30,10.1016/j.cej.2019.03.236,2019,Casted particles,ZIF-8,particle,Ag,nanowire,Encapsulation,PVP,laser,532,1,3,NR,Thiram,Liquid,Analyte,2,NO,YES,Apple peel,Yes,NR,NR,NR,AEF,1.90E+07,NO,NR,NO,NR,NO,NR,NR,NO,NR,NR
30,10.1016/j.cej.2019.03.236,2019,Casted particles,ZIF-8,particle,Ag,nanowire,Encapsulation,PVP,laser,532,1,3,NR,Melamine,Liquid,Analyte,2,NO,NO,NR,NR,NR,NR,NR,AEF,1.30E+06,NO,NR,NO,NR,NO,NR,NR,NO,NR,NR
31,10.1021/acsnano.9b06486,2019,Casted particles,ZIF-8,particle,Ag,Nanocubes,Encapsulation,none,laser,532,55,10,NR,4-mercaptobenzoic acid,Aerosol,Analyte,0.5,YES,NO,NR,NR,10,NR,NR,AEF,5.00E+06,YES,5,YES,5,NO,NR,NR,NO,NR,NR
31,10.1021/acsnano.9b06486,2019,Casted particles,ZIF-8,particle,Ag,Nanocubes,Encapsulation,none,laser,532,55,19,NR,4-mercaptobenzoic acid,Gas,Analyte,30,YES,NO,NR,NR,NR,NR,NR,NR,NR,NO,NR,NO,NR,NO,NR,NR,NO,NR,NR
31,10.1021/acsnano.9b06486,2019,Casted particles,ZIF-8,particle,Ag,Nanocubes,Encapsulation,4-mercaptobenzoic acid,laser,532,55,1,NR,CO2,gas,Analyte,5,YES,NO,NR,NR,NR,NR,NR,NR,NR,NO,NR,NO,NR,NO,NR,NR,NO,NR,NR
31,10.1021/acsnano.9b06486,2019,Casted particles,ZIF-8,particle,Ag,Nanocubes,Encapsulation,4-mercaptobenzoic acid,laser,532,55,1,NR,Naphtalene + Toluene,gas,Analyte,NR,NO,NO,NR,NR,NR,NR,NR,NR,NR,YES,6,YES,2,YES,NR,NR,NO,NR,NR
32,10.1021/acsami.9b19358,2020,Casted particles,ZIF-8,particle,Ag/Au,Nanocubes,Encapsulation,Cysteamine,laser He-Ne,632.8,3,10,NR,Benzaldehide,Gas,Analyte,NR,NO,YES,Mix of three,Yes,18.8,NR,NR,NR,NR,YES,7,NO,NR,YES,5-10000 ppb *,1 ppb,YES,100%,NR
32,10.1021/acsami.9b19358,2020,Casted particles,ZIF-8,particle,Ag/Au,Nanocubes,Encapsulation,Cysteamine,laser He-Ne,632.8,3,10,NR,3-ethyl benzaldehyde,Gas,Analyte,NR,NO,YES,Mix of three,Yes,NR,NR,NR,NR,NR,YES,7,NO,NR,YES,10-1000 ppb *,1 ppb,YES,95%,NR
32,10.1021/acsami.9b19358,2020,Casted particles,ZIF-8,particle,Ag/Au,Nanocubes,Encapsulation,Cysteamine,laser He-Ne,632.8,3,10,NR,Glutaraldehyde,Gas,Analyte,NR,NO,YES,Mix of three,Yes,NR,NR,NR,NR,NR,NO,NR,NO,NR,YES,NR,NR,YES,91%,NR
33,10.1016/j.apmt.2020.100666,2020,Solid,L-HMOF-6,film,Au,grating,LPE,4-carboxybenzenediazonium tosylate,laser,785,15,3,NR,(S)-Methylphenyl sulfoxide,Liquid,Analyte,40,YES,YES,Racemic mixture,Yes,2.95,3,CM-EM,NR,NR,YES,7,NO,NR,NO,1E-18 - 1E-6 (log),1E-18 M,NO,NR,NR
33,10.1016/j.apmt.2020.100666,2020,Solid,L-HMOF-6,film,Au,grating,LPE,4-carboxybenzenediazonium tosylate,laser,785,15,3,NR,L-Cysteine,Liquid,Analyte,5,NO,NO,NR,NR,NR,NR,CM-EM,NR,NR,NO,NR,NO,NR,NO,NR,NR,NO,NR,NR
33,10.1016/j.apmt.2020.100666,2020,Solid,L-HMOF-6,film,Au,grating,LPE,4-carboxybenzenediazonium tosylate,laser,785,15,3,NR,L-Dopa,Liquid,Analyte,5,NO,NO,NR,NR,NR,NR,CM-EM,NR,NR,NO,NR,NO,NR,NO,NR,NR,NO,NR,NR
33,10.1016/j.apmt.2020.100666,2020,Solid,L-HMOF-6,film,Au,grating,LPE,4-carboxybenzenediazonium tosylate,laser,785,15,3,NR,L-Tyrosine,Liquid,Analyte,5,NO,YES,BSA@PBS,Yes,NR,NR,CM-EM,NR,NR,NO,NR,NO,NR,NO,NR,NR,NO,NR,NR
33,10.1016/j.apmt.2020.100666,2020,Solid,D-HMOF-6,film,Au,grating,LPE,4-carboxybenzenediazonium tosylate,laser,785,15,3,NR,(R)-Methylphenyl sulfoxide,Liquid,Analyte,40,YES,YES,Racemic mixture,Yes,4.48,3,CM-EM,NR,NR,YES,7,NO,NR,NO,1E-18 - 1E-6 (log),1E-18 M,NO,NR,NR
33,10.1016/j.apmt.2020.100666,2020,Solid,D-HMOF-6,film,Au,grating,LPE,4-carboxybenzenediazonium tosylate,laser,785,15,3,NR,D-Cysteine,Liquid,Analyte,5,NO,NO,NR,NR,NR,NR,CM-EM,NR,NR,NO,NR,NO,NR,NO,NR,NR,NO,NR,NR
33,10.1016/j.apmt.2020.100666,2020,Solid,D-HMOF-6,film,Au,grating,LPE,4-carboxybenzenediazonium tosylate,laser,785,15,3,NR,D-Dopa,Liquid,Analyte,5,NO,NO,NR,NR,NR,NR,CM-EM,NR,NR,NO,NR,NO,NR,NO,NR,NR,NO,NR,NR
33,10.1016/j.apmt.2020.100666,2020,Solid,D-HMOF-6,film,Au,grating,LPE,4-carboxybenzenediazonium tosylate,laser,785,15,3,NR,D-Tyrosine,Liquid,Analyte,5,NO,YES,BSA@PBS,Yes,NR,NR,CM-EM,NR,NR,NO,NR,NO,NR,NO,NR,NR,NO,NR,NR
34,10.1039/C9CC09145A,2020,Colloid,Ni-MOF-1,particle,Ag,NPs,Encapsulation,None,laser,532,10,1,NR,Methylene blue,Liquid,Analyte,NR,NO,NO,NR,NR,NR,NR,NR,EF,3.26E+07,NO,NR,NO,NR,NO,NR,NR,NO,NR,NR
34,10.1039/C9CC09145A,2020,Colloid,Ni-MOF-1,particle,Ag,NPs,Encapsulation,None,laser,532,10,1,NR,Cysteamine,Liquid,Analyte,NR,NO,YES,Mouse brain microdialysate,Yes,NR,NR,NR,NR,NR,YES,9,NO,NR,NO,0.05-11 microM,0.02 microM,NO,NR,NR
35,10.1088/1361-6528/ab8a8f,200,Colloid,MIL-100 (Fe),particle,Au,NPs,Encapsulation,thioglycolic acid,He-Ne laser,633,NR,NR,NR,Malachite green,Liquid,Analyte,5,YES,NO,NR,NR,NR,NR,NR,NR,NR,NO,NR,NO,NR,NO,NR,NR,NO,NR,NR
35,10.1088/1361-6528/ab8a8f,200,Colloid,MIL-100 (Fe),particle,Au,NPs,Encapsulation,thioglycolic acid,He-Ne laser,633,NR,NR,NR,Crystal violet,Liquid,Analyte,5,NO,NO,NR,NR,NR,NR,NR,NR,NR,NO,NR,NO,NR,NO,NR,NR,NO,NR,NR
35,10.1088/1361-6528/ab8a8f,200,Colloid,MIL-100 (Fe),particle,Au,NPs,Encapsulation,thioglycolic acid,He-Ne laser,633,NR,NR,NR,Methylene blue,Liquid,Analyte,5,NO,NO,NR,NR,NR,NR,NR,NR,NR,NO,NR,NO,NR,NO,NR,NR,NO,NR,NR
35,10.1088/1361-6528/ab8a8f,200,Colloid,MIL-100 (Fe),particle,Au,NPs,Encapsulation,thioglycolic acid,He-Ne laser,633,NR,NR,NR,Rhodamine 6G,Liquid,Analyte,5,NO,NO,NR,NR,NR,NR,NR,NR,NR,NO,NR,NO,NR,NO,NR,NR,NO,NR,NR
35,10.1088/1361-6528/ab8a8f,200,Colloid,MIL-100 (Fe),particle,Au,NPs,Encapsulation,thioglycolic acid,He-Ne laser,633,NR,NR,NR,Rhodamine B,Liquid,Analyte,5,NO,NO,NR,NR,NR,NR,NR,NR,NR,NO,NR,NO,NR,NO,NR,NR,NO,NR,NR
36,10.1021/acs.nanolett.0c02683,2020,Casted particles,ZIF-8,particle,Au,Nanorods,Encapsulation,NR,Laser,785,0.02,NR,10,4-nitrobenzenthiol,Liquid,Analyte,NR,NO,YES,Blood,Yes,4.9,NR,NR,NR,NR,YES,5,NO,NR,NO,1E-9 - 1E-5 M,NR,NO,NR,NR
36,10.1021/acs.nanolett.0c02683,2020,Casted particles,ZIF-8,particle,Au,Nanorods,Encapsulation,NR,Laser,785,0.02,NR,10,1-naphthalenethiol,Liquid,Analyte,NR,NO,NO,NR,NR,NR,NR,NR,NR,NR,NO,NR,NO,NR,NO,NR,NR,NO,NR,NR
37,10.1002/anie.202002720,2020,Casted particles,MIL-100 (Fe),particle,none,NR,NR,none,laser,780,50,NR,15,Toluene,Gas,Analyte,25,NO,NO,NR,NR,9.55,20,CM,EF,1.00E+05,YES,5,NO,NR,NO,0.5-3.5 ppm,2.5 ppm,NO,NR,NR
37,10.1002/anie.202002720,2020,Casted particles,MIL-100 (Fe),particle,none,NR,NR,none,laser,780,50,NR,15,Acetone,Gas,Analyte,25,NO,NO,NR,NR,NR,NR,CM,NR,NR,YES,4,NO,NR,NO,1.25-3.5 ppm,20 ppm,NO,NR,NR
37,10.1002/anie.202002720,2020,Casted particles,MIL-100 (Fe),particle,none,NR,NR,none,laser,780,50,NR,15,Chloroform,Gas,Analyte,25,NO,NO,NR,NR,NR,NR,CM,NR,NR,YES,4,NO,NR,NO,2-4 ppm,92.7 ppm,NO,NR,NR
37,10.1002/anie.202002720,2020,Casted particles,MIL-100 (Fe),particle,none,NR,NR,none,laser,780,50,NR,15,Isopropanol,Gas,Analyte,25,NO,NO,NR,NR,NR,NR,CM,NR,NR,YES,NR,NO,NR,NO,NR,100 ppm,NO,NR,NR
37,10.1002/anie.202002720,2020,Casted particles,MIL-100 (Fe),particle,none,NR,NR,none,laser,780,50,NR,15,4-ethylbenzaldehyde,Gas,Analyte,600,NO,NO,NR,NR,NR,NR,CM,NR,NR,YES,NR,NO,NR,NO,NR,1 ppm,NO,NR,NR
37,10.1002/anie.202002720,2020,Casted particles,MIL-100 (Fe),particle,Au,NPs,Au casting,NR,laser,780,50,NR,15,Toluene,Gas,Analyte,25,NO,NO,NR,NR,NR,NR,CM-EM,EF,1.00E+10,YES,NR,NO,NR,NO,NR,0.48 ppb,NO,NR,NR
37,10.1002/anie.202002720,2020,Casted particles,MIL-125 (Ti),particle,none,NR,NR,none,laser,780,50,NR,15,Toluene,Gas,Analyte,25,NO,NO,NR,NR,NR,NR,CM,NR,NR,YES,NR,NO,NR,NO,NR,15 ppm,NO,NR,NR
37,10.1002/anie.202002720,2020,Casted particles,MIL-125 (Ti),particle,none,NR,NR,none,laser,780,50,NR,15,Isopropanol,Gas,Analyte,25,NO,NO,NR,NR,NR,NR,CM,NR,NR,YES,NR,NO,NR,NO,NR,120 ppm,NO,NR,NR
37,10.1002/anie.202002720,2020,Casted particles,MIL-101 (Cr),particle,none,NR,NR,none,laser,780,50,NR,15,Isopropanol,Gas,Analyte,25,NO,NO,NR,NR,NR,NR,CM,NR,NR,YES,NR,NO,NR,NO,NR,489 ppm,NO,NR,NR
37,10.1002/anie.202002720,2020,Casted particles,UiO-66,particle,none,NR,NR,none,laser,780,50,NR,15,Toluene,Gas,Analyte,25,NO,NO,NR,NR,NR,NR,CM,NR,NR,YES,NR,NO,NR,NO,NR,15 ppm,NO,NR,NR
37,10.1002/anie.202002720,2020,Casted particles,UiO-66,particle,none,NR,NR,none,laser,780,50,NR,15,Isopropanol,Gas,Analyte,25,NO,NO,NR,NR,NR,NR,CM,NR,NR,YES,NR,NO,NR,NO,NR,20 ppm,NO,NR,NR
37,10.1002/anie.202002720,2020,Casted particles,MIL-100 (0.2Zr-0.8Fe),particle,none,NR,NR,none,laser,780,50,NR,15,Isopropanol,Gas,Analyte,25,NO,NO,NR,NR,NR,NR,CM,NR,NR,YES,NR,NO,NR,NO,NR,50 ppm,NO,NR,NR
37,10.1002/anie.202002720,2020,Casted particles,MIL-125-NH2 (Ti),particle,none,NR,NR,none,laser,780,50,NR,15,Toluene,Gas,Analyte,25,NO,NO,NR,NR,NR,NR,CM,NR,NR,YES,NR,NO,NR,NO,NR,111 ppm,NO,NR,NR
38,10.1039/d0nj06154a,2021,Casted particles,Mo-MOF,particle,none,NR,NR,none,laser,785,0.5,NR,15,Crystal violet,Liquid,Analyte,30,NO,NO,NR,NR,7.6,21,CM-EM,EF,1.33E+05,NO,NR,NO,NR,NO,NR,0.00000033 M,NO,NR,NR
38,10.1039/d0nj06154a,2021,Casted particles,Mo-MOF,particle,none,NR,NR,none,laser,785,0.5,NR,15,Methylene blue,Liquid,Analyte,30,NO,NO,NR,NR,NR,NR,CM-EM,EF,2.56E+04,NO,NR,NO,NR,NO,NR,NR,NO,NR,NR
39,10.1016/j.apsusc.2021.149302,2021,Casted partilces,Zn(C2N4H3SH)2,particle,Ag,NPs,in-situ reduction,none,laser,532,NR,40,NR,Phenol red,Liquid,Analyte,NR,NO,NO,NR,NR,NR,NR,CM-EM,AEF,1.70E+07,YES,5,NO,NR,NO,1E-9 - 1E-6 M (log),5.76E-12 M,NO,NR,NR
40,10.1016/j.chemosphere.2021.131000,2021,solid,ZIF-8,film,Ag,NPs,in-situ photoreduction,none,DPSS laser,532,1,40,NR,4-aminothiophenol,Liquid,Analyte,NR,NO,YES,"PNP, ANI, TGA, PDDA, K+, Na+, Ca2+, Mg2+",YES,NR,NR,CM-EM,AEF,2.60E+06,YES,5,NO,NR,NO,1E-9 - 1E-5 M,NR,NO,NR,NR
41,10.1021/acs.analchem.0c05432,2021,Solid,ZIF-8,particle,Au,NPs,Encapsulation,PVP,laser,368,0.15,60,NR,Toluene,gas,Analyte,40,YES,NO,NR,NR,6.87,70,NR,NR,NR,NO,NR,NO,NR,NO,NR,NR,NO,NR,NR
41,10.1021/acs.analchem.0c05432,2021,Solid,ZIF-8,particle,Au,NPs,Encapsulation,PVP,laser,368,0.15,60,NR,Ethylbenzene,gas,Analyte,NR,NO,NO,NR,NR,NR,NR,NR,NR,NR,NO,NR,NO,NR,NO,NR,NR,NO,NR,NR
41,10.1021/acs.analchem.0c05432,2021,Solid,ZIF-8,particle,Au,NPs,Encapsulation,PVP,laser,368,0.15,60,NR,Chlorobenzene,gas,Analyte,NR,NO,NO,NR,NR,NR,NR,NR,NR,NR,NO,NR,NO,NR,NO,NR,NR,NO,NR,NR
42,10.1016/j.snb.2020.129080,2021,Solid,ZIF-67,film,Ag,NPs,Electrodeposition,1-Dodecanethiol,laser,532,2.5,20,NR,Rhodamine 6G,Liquid,Analyte,NR,NO,NO,NR,NR,9.5,10,NR,AEF,1.10E+07,NO,NR,NO,NR,NO,NR,NR,NO,NR,NR
42,10.1016/j.snb.2020.129080,2021,Solid,ZIF-67,film,Ag,NPs,Electrodeposition,1-Dodecanethiol,laser,532,2.5,20,NR,Congo red,Liquid,Analyte,NR,NO,YES,NR,Yes,6.7 - 22.1,NR,NR,NR,NR,YES,7,NO,NR,NO,1E-7 - 1E-3 M,1.3E-8 M,YES,91.5-110 %,Soft drinks
42,10.1016/j.snb.2020.129080,2021,Solid,ZIF-67,film,Ag,NPs,Electrodeposition,1-Dodecanethiol,laser,532,2.5,20,NR,Chrysoidine,Liquid,Analyte,NR,NO,YES,NR,Yes,6.9 - 23.4,NR,NR,NR,NR,YES,7,NO,NR,NO,1E-7 - 1E-3 M,1.7E8 M,YES,96.9 - 112 %,Soft drinks
42,10.1016/j.snb.2020.129080,2021,Solid,ZIF-67,film,Ag,NPs,Electrodeposition,1-Dodecanethiol,laser,532,2.5,20,NR,Acid orange II,Liquid,Analyte,NR,NO,YES,NR,Yes,8.3 - 24.0,NR,NR,NR,NR,YES,7,NO,NR,NO,1E-8 - 1E-4 M,6.7E-9 M,YES,93.6 - 109 %,Soft drinks
43,10.1002/jrs.6002,2021,Solid,MIL-101-NH2 (Fe),particle,Au,NPs,in-situ reduction,None,laser,633,0.3,1,10,Transferrin,Liquid,Dye (Malachite green),20,NO,NO,NR,NR,NR,NR,NR,AEF,1.20E+06,YES,19,NO,NR,NO,15 - 75 microM,2.5 nM,NO,NR,NR
43,10.1002/jrs.6002,2021,Solid,MIL-101-NH2 (Fe),particle,Au,NPs,in-situ reduction,None,laser,633,0.3,1,10,Transferrin,Liquid,Dye (Malachite green),20,NO,NO,NR,NR,NR,NR,NR,NR,NR,YES,19,NO,NR,NO,15 - 75 microM,0.51 microM,NO,NR,Human serum
44,10.1016/j.bios.2021.113109,2021,solid,HMOF,Film,Au,Mesoporous film,LPE-VAC,4-carboxybenzenediazonium tosylate,Laser,785,70,1,100,Rhodamine 6G,Liquid,Analyte,NR,NO,NO,NR,NR,NR,NR,CM-EM,EF,7.80E+07,NO,NR,NO,NR,NO,NR,NR,NO,NR,NR
44,10.1016/j.bios.2021.113109,2021,solid,L-AlaZnCl,Film,Au,Mesoporous film,LPE-VAC,4-carboxybenzenediazonium tosylate,Laser,785,70,1,100,L-pseudoephedrine,liquid,Analyte,40,NO,YES,"Racemic, BSA, vancomicine, Omeprazole",Yes,8.4,NR,NR,NR,NR,YES,9,NO,NR,NO,1E-14 - 1E-6 M (log),1 E-14 M,NO,NR,Human serum
44,10.1016/j.bios.2021.113109,2021,solid,D-AlaZnCl,Film,Au,Mesoporous film,LPE-VAC,4-carboxybenzenediazonium tosylate,Laser,785,70,1,100,D-pseudoephedrine,liquid,Analyte,40,NO,YES,"Racemic, BSA, vancomicine, Omeprazole",Yes,8.4,NR,NR,NR,NR,YES,9,NO,NR,NO,1E-14 - 1E-6 M (log),1 E-14 M,NO,NR,Human serum
45,10.1016/j.cej.2021.129970,2021,Solid,ZIF-67,Film,Ag,NPs,in-situ reduction,NR,laser,532,NR,NR,NR,4-aminothiophenol,Liquid,Analyte,0.5,NO,YES,"aniline, p-phenylenediamine, 4-nitrophenol, thioglycolic acid",Yes,1.77,NR,CM-EM,AEF,1.10E+07,YES,6,NO,NR,NO,NR,NR,NO,NR,NR
46,10.1016/j.snb.2020.128968,2021,Solid,MIL-100 (Cu),particle,Au,NPs,Encapsulation,PVP,laser,633,1,5,NR,Malachite green,Liquid,Analyte,1,NO,NO,NR,NR,NR,NR,NR,AEF,1.79E+06,YES,6,NO,NR,NO,1E-10 - 1E-5,1E-10 M,NO,NR,NR
46,10.1016/j.snb.2020.128968,2021,Solid,MIL-100 (Cu),particle,Au,NPs,Encapsulation,PVP,laser,633,1,5,NR,Methylene blue,Liquid,Analyte,1,NO,NO,NR,NR,12.9,10,NR,AEF,NR,YES,6,NO,NR,NO,1E-10 - 1E-5,NR,NO,NR,NR
47,10.1007/s00604-021-05008-4,2021,Solid,MIL-101 (Fe),particle,Ag,NPs,in-situ reduction,Tannic acid,Nd:YAG laser,532,NR,NR,NR,Crystal violet,NR,Analyte,NR,NO,NO,NR,NR,7.2,10,NR,AEF,4.90E+05,NO,NR,NO,NR,NO,NR,NR,NO,NR,NR
47,10.1007/s00604-021-05008-4,2021,Solid,MIL-101 (Fe),particle,Ag,NPs,in-situ reduction,Tannic acid,Nd:YAG laser,532,NR,NR,NR,Sildenafil,Liquid,Analyte,5,YES,YES,"NaCl, NaF, KCl, NH4Cl, CuCl2, FeCl2, Glucose, Sucrose, Chitosan, Ctarch, SiO2",Yes,3.8,NR,NR,NR,NR,YES,8,NO,NR,NO,1E-7 - 1E-5 M,4.8E-8 M,YES,94.9 - 104.7 %,Commercial tablets and health care drinks
47,10.1007/s00604-021-05008-4,2021,Solid,MIL-101 (Fe),particle,Ag,NPs,in-situ reduction,Tannic acid,Nd:YAG laser,532,NR,NR,NR,Pioglitazone,Liquid,Analyte,5,YES,YES,"NaCl, NaF, KCl, NH4Cl, CuCl2, FeCl2, Glucose, Sucrose, Chitosan, Ctarch, SiO2",Yes,3.2,NR,NR,NR,NR,YES,8,NO,NR,NO,8E-7 - 3E-5 M,0.00000014 M,YES,94.9 - 104.7 %,Commercial tablets and health care drinks
48,10.1016/j.snb.2020.128852,2021,Solid,ZIF-8,Film,Ag@Au,NPs,LPE film,NR,laser,633,5,3,6,Rhodamine 6G,Liquid,Analyte,NR,NO,NO,NR,NR,8.05,15,NR,NR,NR,YES,4,NO,NR,NO,NR,1E-9 M,NO,NR,NR
48,10.1016/j.snb.2020.128852,2021,Solid,ZIF-8,Film,Ag@Au,NPs,LPE film,NR,laser,633,5,3,6,Carbendazim,Liquid,Analyte,NR,NO,NO,NR,NR,NR,NR,NR,NR,NR,YES,5,NO,NR,NO,1E-9 - 1E-5 M,1.00E-09,YES,88.4 - 102.4 %,NaCl 3.5%
49,10.1021/acssensors.1c00178,2021,Casted particles,ZIF-8,particle,Ag@Au,Nanorods,Encapsulation,Hexadecyltrimethylammonium bromide,laser,785,1.5,1,NR,dimethyl methylphosphonate,Gas,Analyte,10,YES,YES,Common air,Yes,13,3,NR,NR,NR,YES,5,NO,NR,YES,NR,0.2 ppbV,NO,NR,NR
49,10.1021/acssensors.1c00178,2021,Casted particles,ZIF-8,particle,Ag@Au,Nanorods,Encapsulation,Hexadecyltrimethylammonium bromide,laser,785,1.5,1,NR,2-chloroethyl ethyl sulfide,Gas,Analyte,10,YES,NO,NR,NR,NR,NR,NR,NR,NR,NO,NR,NO,NR,YES,NR,NR,NO,NR,NR
50,10.1039/d0nj04915h,2021,Casted particles,UiO-67-dcppy,Particle,none,NR,NR,None,He-Ne laser,633,20,5,10,"2,4,6-Trinitrophenol",Gas,Analyte,0.5,YES,NO,NR,NR,NR,NR,NR,NR,NR,NO,NR,NO,NR,NO,NR,NR,NO,NR,NR
50,10.1039/d0nj04915h,2021,Casted particles,UiO-67-dcppy,Particle,none,NR,NR,None,He-Ne laser,633,20,5,10,"2,4,6-Trinitrotoluene",Gas,Analyte,0.5,NO,NO,NR,NR,NR,NR,NR,NR,NR,NO,NR,NO,NR,NO,NR,NR,NO,NR,NR
50,10.1039/d0nj04915h,2021,Casted particles,UiO-67-dcppy,Particle,none,NR,NR,None,He-Ne laser,633,20,5,10,"1,3,5-Trinitro-1,3,5-triazine",Gas,Analyte,0.5,NO,NO,NR,NR,NR,NR,NR,NR,NR,NO,NR,NO,NR,NO,NR,NR,NO,NR,NR
50,10.1039/d0nj04915h,2021,Casted particles,UiO-67-dcppy,Particle,none,NR,NR,None,He-Ne laser,633,20,5,10,"2,4-dinitrotoluene",Gas,Analyte,0.5,NO,NO,NR,NR,NR,NR,NR,NR,NR,NO,NR,NO,NR,NO,NR,NR,NO,NR,NR
50,10.1039/d0nj04915h,2021,Casted particles,UiO-67-dcppy,Particle,none,NR,NR,None,He-Ne laser,633,20,5,10,"2,4-dinitrophenol",Gas,Analyte,0.5,NO,NO,NR,NR,NR,NR,NR,NR,NR,NO,NR,NO,NR,NO,NR,NR,NO,NR,NR
51,10.1007/s00604-021-04928-5,2021,Casted particles,MIL-101 (Cr),particle,Au,NPs,in-situ reduction,none,He-Ne laser,638,16,5,15,4-mercaptophenylboronic acid,Liquid,Analyte,NR,NO,NO,NR,NR,NR,NR,NR,NR,NR,NO,NR,NO,NR,NO,NR,NR,NO,NR,NR
51,10.1007/s00604-021-04928-5,2021,Casted particles,MIL-101 (Cr),particle,Au,NPs,in-situ reduction,none,He-Ne laser,638,16,5,15,4-mercaptobenzoic acid,Liquid,Analyte,NR,NO,NO,NR,NR,NR,NR,NR,NR,NR,NO,NR,NO,NR,NO,NR,NR,NO,NR,NR
51,10.1007/s00604-021-04928-5,2021,Casted particles,MIL-101 (Cr),particle,Au,NPs,in-situ reduction,none,He-Ne laser,638,16,5,15,Rhodamine 6G,Liquid,Analyte,NR,NO,NO,NR,NR,NR,NR,NR,NR,NR,NO,NR,NO,NR,NO,NR,NR,NO,NR,NR
51,10.1007/s00604-021-04928-5,2021,Casted particles,MIL-101 (Cr),particle,Au,NPs,in-situ reduction,none,He-Ne laser,638,16,5,15,Benzidine,Liquid,Analyte,NR,NO,NO,NR,NR,5.2,25,NR,NR,NR,YES,5,NO,NR,NO,NR,6.7E-13 M,NO,NR,NR
51,10.1007/s00604-021-04928-5,2021,Casted particles,MIL-101 (Cr),particle,Au,NPs,in-situ reduction,none,He-Ne laser,638,16,5,15,Human Carboxylesterase 1,Liquid,Benzidine,45,NO,YES,Human serum,Yes,NR,NR,NR,NR,NR,YES,9,NO,NR,NO,NR,NR,YES,84 - 108 %,Human serum
52,10.1016/j.aca.2021.338464,2021,Colloid,UiO-66,particle,Au,NPs,Electrostatic assembly,none,Laser,785,25,3,NR,"2-amino-3,4-dimethyl-3H-imi-dazolquinoline",Liquid,Analyte,NR,NO,YES,"2-amino-6-methyldipyridine [1,2-A:30,20-D] imidazole; 2-amino-pyridin [1,2-A:30,20-D] imidazole; 2-Amino-1,5,6-trimethylimidazo [4,5-b] Pyridine; -amino-3,4-dimethyl-3H-imidazole [4,5-F] quinoquinoxaline ",Yes,NR,NR,NR,NR,NR,YES,6,NO,NR,NO,10 - 200 microg/L,1.18 microg/L,YES,82.3 - 110 %,barbecue meat samples
52,10.1016/j.aca.2021.338464,2021,Colloid,UiO-66,particle,Au,NPs,Electrostatic assembly,none,Laser,785,25,3,NR,Methylene blue,NR,Analyte,NR,NO,NO,NR,NR,9.9,11,NR,NR,NR,NO,NR,NO,NR,NO,NR,NR,NO,NR,NR
52,10.1016/j.aca.2021.338464,2021,Casted membrane,UiO-66-NH2,particle,Au,NPs,Electrostatic assembly,none,Laser,785,25,3,NR,Sudan Red 7B,Liquid,Analyte,NR,NO,YES," allure red, amaranth, sunset yellow, lemon yellow,quinoline yellow, golden orange II, auramine O, Sudan I, Sudan II,Sudan III, Sudan IV.",Yes,NR,NR,NR,NR,NR,YES,6,NO,NR,NO,5 - 200 microg/L,0.49 microg/L,YES,84.5 - 114 %,chili powder and sauce
52,10.1016/j.aca.2021.338464,2021,Casted membrane,UiO-66-NH2,particle,Au,NPs,Electrostatic assembly,none,Laser,785,25,3,NR,Malachite green,NR,Analyte,NR,NO,NO,NR,NR,5,11,NR,NR,NR,NO,NR,NO,NR,NO,NR,NR,NO,NR,NR
53,10.1021/acs.jpcc.1c01757,2021,Solid,MIL-101 (Cr),film,Ag,NPs,in-situ reduction,none,laser,532,NR,NR,NR,4-aminothiophenol,Liquid,Analyte,NR,NO,NO,NR,NR,5.03,20,NR,NR,NR,YES,8,NO,NR,NO,NR,NR,NO,NR,NR
53,10.1021/acs.jpcc.1c01757,2021,Solid,MIL-101 (Cr),film,Ag,NPs,in-situ reduction,none,laser,532,NR,NR,NR,Nitrofurantio,Liquid,Analyte,1,NO,NO,NR,NR,NR,NR,NR,NR,NR,YES,5,NO,NR,NO,NR,NR,NO,NR,NR
54,10.1007/s10853-020-05507-4,2021,casted particles,ZIF-8,particle,Au,NPs,Encapsulation,4-aminothiophenol,laser,633,20,5,NR,Formaldehyde,Gas,Analyte,40,NO,NO,NR,NR,NR,NR,NR,NR,NR,YES,8,NO,NR,NO,1E-8 - 1E-1 v/v,1E-8 v/v,NO,NR,NR
55,10.1021/acs.analchem.0c05348,2021,Casted partilcles,NU-901,particle,Au-QD,Nanorod,Encapsulation,4-mercaptonoaniline,laser,785,10,NR,15,Benzoic acid,gas,Analyte,5,YES,YES,"acetone,phenol, phenyl alcohol, acetonitrile, formaldehyde, acetalde-hyde, ethyl acetate, ethanol, methanol, henylacetaldehyde, glyoxal, and glutaraldehyde",Yes,6.80%,50,NR,EF,4.88E+05,YES,11,no,NR,YES,1E-4 - 1E-2 ppm,0.1 ppb,NO,NR,NR
56,10.1142/S1793545821410030,2021,Not clear,MIL-101 (Fe),particle,Au,NPs,Diffusion-reaction,none,He-Ne laser,633,5,3,6,Rhodamine 6G,Liquid,Analyte,NR,NO,NO,NR,NR,NR,NR,NR,NR,NR,NO,NR,NO,NR,NO,NR,NR,NO,NR,NR
56,10.1142/S1793545821410030,2021,Not clear,MIL-101 (Fe),particle,Au,NPs,Diffusion-reaction,none,He-Ne laser,633,5,3,6,Creatinine,Liquid,Analyte,NR,NO,YES,"Uric acid, urea, glucose, Na+, K+, Ca2+, Mg2+",Yes,NR,NR,NR,NR,NR,YES,5,NO,NR,NO,1 - 100 microM,0.1 microM,YES,82.3 - 99.1 %,Urine
57,10.1021/acssuschemeng.2c01377,2022,Casted particles,UiO-66-NH2,particle,Au,Nps,in-situ reduction,NR,laser,785,NR,NR,1,Rhodamine 6G,Liquid,Analyte,30,NO,NO,NR,NR,4.29%,30,NR,AEF,3.35E+06,YES,6,NO,NR,NO,1E-9 - 1E-4 M,1E-9 M,NO,NR,NR
57,10.1021/acssuschemeng.2c01377,2022,Casted particles,UiO-66-NH2,particle,Au,Nps,in-situ reduction,NR,laser,785,NR,NR,1,Thiabendazole,Liquid,Analyte,30,NO,NO,NR,NR,NR,NR,NR,NR,NR,YES,7,NO,NR,NO,0.025 - 2 ppm,6.5 ppb,YES,97.66 - 117.8 %,apple juice
57,10.1021/acssuschemeng.2c01377,2022,Casted particles,UiO-66-NH2,particle,Au,Nps,in-situ reduction,NR,laser,785,NR,NR,1,Thiabendazole,Liquid,Analyte,30,NO,NO,NR,NR,NR,NR,NR,NR,NR,YES,7,NO,NR,NO,0.025 - 2 ppm,6.5 ppb,YES,96.3 - 107.2 %,grape juice
58,10.1021/acsanm.2c03293,2022,Casted particles,ZIF-8,particle,Ag,NPs,Encapsulation,PVP,laser,633,NR,10,NR,dithiohydroquinone,Gas,Analyte,3,YES,NO,NR,NR,20,10,NR,NR,NR,NO,NR,NO,NR,NO,NR,NR,NO,NR,NR
58,10.1021/acsanm.2c03293,2022,Casted particles,ZIF-8,particle,Ag,NPs,Encapsulation,PVP,laser,633,NR,3.5,NR,dithiohydroquinone,Gas,Analyte,3,YES,NO,NR,NR,20,10,NR,NR,NR,NO,NR,NO,NR,NO,NR,NR,NO,NR,NR
59,10.1016/j.cej.2021.134317,2022,Casted particles,NU-901,Particle,Ag,NPs,Encapsulation,thiol-modified Fuchsine,NR,NR,NR,NR,NR,sulfur dioxide,Liquid,Analyte,2,YES,YES,"H2S, NO2,  CO,  Cl-,  S2O32-,  PO43-, Ethyl acetate,  ethanol, Acetic acid, wines",Yes,NR,7.37,20,EF,3.94E+05,YES,10,NO,NR,YES,1E-8 - 1E-3 M (log),3.6E-3 microM,NO,NR,NR
59,10.1016/j.cej.2021.134317,2022,Casted particles,NU-901,Particle,Ag,NPs,Encapsulation,thiol-modified Fuchsine,NR,NR,NR,NR,NR,sulfur dioxide,Gas,Analyte,2,YES,NO,NR,NR,9.27,50,NR,NR,NR,NO,NR,NO,NR,YES,NR,NR,NO,NR,NR
60,10.1016/j.microc.2022.108114,2022,Casted particles,Cu-TCPP,particle,Au,NPs,in-situ reduction,NR,laser,638,16,5,NR,Benzidine,Liquid,Analyte,10,NO,NO,NR,NR,4.8,25,NR,NR,NR,YES,5,NO,NR,NO,1E-4 - 1E-12 M,1.6E-13 M,NO,NR,NR
60,10.1016/j.microc.2022.108114,2022,Casted particles,Cu-TCPP,particle,Au,NPs,in-situ reduction,NR,laser,638,16,5,NR,Human carboxylesterase 1,Liquid,Benzidine,NR,YES,YES,"bovine immunoglobulin G, human serum albumin, carcinoembryonic antigen, bovine serum albumin, human acetylcholinesterase, human lipoprotein esterase, blank serum",Yes,4.2,9,NR,NR,NR,YES,9,NO,NR,NO,1E-1 - 1E2 ng/mL,0.1 ng/mL,YES,82.9 - 102%,Human serum
61,10.1016/j.snb.2022.132360,2022,Casted particles,Ni-PTA ,particle,Au,NPs,in-situ reduction,None,laser,785,NR,5,NR,Crystal violet,Liquid,Analyte,15,YES,NO,NR,NR,19.6,25,NR,NR,NR,NO,NR,NO,NR,NO,NR,NR,NO,NR,None
61,10.1016/j.snb.2022.132360,2022,Casted particles,Ni-PTA ,particle,Au,NPs,in-situ reduction,None,laser,785,NR,5,NR,Thiram,Liquid,Analyte,10,YES,YES,Aromatic dyes and organic pesticides,Yes,NR,NR,EF,AEF,2.20E+06,YES,8,NO,NR,NO,0.1 - 25 mg/L,87.1 microg/L,YES,80.6 - 104.8 %,Spiked fruit and vegetable samples
61,10.1016/j.snb.2022.132360,2022,Casted particles,Ni-PTA ,particle,Au,NPs,in-situ reduction,None,laser,785,NR,5,NR,Diquat,Liquid,Analyte,15,YES,YES,Aromatic dyes and organic pesticides,Yes,NR,NR,EF,AEF,3.70E+05,YES,12,NO,NR,NO,0.5 - 50 mg/L,188.8 microg/L,YES,87.8 - 101.8 %,Spiked food and water samples
61,10.1016/j.snb.2022.132360,2022,Casted particles,Ni-PTA ,particle,Au,NPs,in-situ reduction,None,laser,785,NR,5,NR,Paraquat,Liquid,Analyte,10,YES,YES,Aromatic dyes and organic pesticides,Yes,NR,NR,EF,AEF,9.50E+05,YES,7,NO,NR,NO,0.01 - 25 mg/L,8.9 microg/L,YES,80.0 - 113.0 %,Spiked food and water samples
62,10.1016/j.snb.2021.131025,2022,Solid,Ni-BDC,film,Au,NPs,in-situ reduction,none,He-Ne laser,785,25,10,30,Tartrazine,Liquid,Analyte,NR,NO,NO,NR,NR,NR,NR,NR,NR,NR,YES,6,NO,NR,NO,1E-8 - 1E-3 M (log),1E-9 M,YES,96.2 - 111.3 %,Pre-treated Orange juice
62,10.1016/j.snb.2021.131025,2022,Solid,Ni-BDC,film,Au,NPs,in-situ reduction,none,He-Ne laser,785,25,10,30,chloramphenicol,Liquid,Analyte,NR,NO,NO,NR,NR,NR,NR,NR,NR,NR,YES,5,NO,NR,NO,1E-10 - 1E-6 M (log),8E-11 M,YES,97.2 - 99.8 %,Pre-treated Milk
62,10.1016/j.snb.2021.131025,2022,Solid,Ni-BDC,film,Au,NPs,in-situ reduction,none,He-Ne laser,785,25,10,30,imidacloprid,Liquid,Analyte,NR,NO,NO,NR,NR,NR,NR,NR,NR,NR,YES,4,NO,NR,NO,1E-10 - 1E-7 M (log),6.4E-11 M,YES,100.2 - 125.1 %,Pre-treated Apple
62,10.1016/j.snb.2021.131025,2022,Solid,Ni-BDC,film,Au,NPs,in-situ reduction,none,He-Ne laser,785,25,10,30,Crystal violet,Liquid,Analyte,NR,NO,NO,NR,NR,5,20,NR,AEF,1.70E+06,YES,5,NO,NR,NO,1E-11 - 1E-7 M (log),5E-12 M,YES,97.6 - 120 %,Pre-treated Fish
63,10.1016/j.snb.2022.131939,2022,Casted particles,MIL-101 (Fe),particle,Ag,NPs,in-situ reduction,Tannic acid,He-Ne laser,633,52,3,9,Rhodamine 6G,Liquid,Analyte,30,NO,NO,NR,NR,NR,NR,NR,AEF,1.00E+06,NO,NR,NO,NR,NO,NR,NR,NO,NR,None
63,10.1016/j.snb.2022.131939,2022,Casted particles,MIL-101 (Fe),particle,Ag,NPs,in-situ reduction,Tannic acid,He-Ne laser,633,52,3,9,Cholesterol,Liquid,Dye (Malachite green),30,NO,YES,"Glucose, ascorbic acid, glycine, histidine, uric acid, cysteine, and glutamate ",Yes,6.12,36,NR,NR,NR,YES,7,NO,NR,NO,1 - 100 microM,0.36 microM,YES,97.6 - 105.20 %,Human serum
64,10.1016/j.saa.2022.121693,2022,Solid,ZIF-8,film,Ag,film,LPE growth @ Ag,NR,laser,633,20,10,30,4-mercaptobenzoic acid,Liquid,Analyte,720,NO,NO,NR,NR,NR,NR,CM-EM,EF,7.67E+06,YES,6,NO,NR,NO,NR,1E-9 M,NO,NR,None
65,10.1016/j.bios.2021.113891,2022,Casted particles,MIL-101 (Cr),particle,Au,NPs,in-situ reduction,none,laser,633/785,5,NR,5,Tetrodotoxin,Liquid,Aptamer,42,NO,NO,NR,NR,NR,NR,NR,NR,NR,YES,18,NO,NR,NO,0.01 - 300 ng/mL,0.008 ng/mL,YES,99.67 - 105.47 %,Puffer fish homogenate
65,10.1016/j.bios.2021.113891,2022,Casted particles,MIL-101 (Cr),particle,Au,NPs,in-situ reduction,none,laser,633/785,5,NR,5,Tetrodotoxin,Liquid,Aptamer,42,NO,NO,NR,NR,NR,NR,NR,NR,NR,YES,18,NO,NR,NO,0.01 - 300 ng/mL,0.008 ng/mL,YES,98.14 - 103.28 %,Clam homogenate
66,10.1016/j.chemosphere.2021.132635,2022,Solid,ZIF-8,film,Ag,NPs,LPE,NR,He-Ne laser,633,0.2,5,NR,4-aminothiophenol,Liquid,Analyte,60,NO,NO,NR,NR,7.98,15,NR,NR,NR,YES,7,NO,NR,NO,1E-11 - 1E-5 M,3E-12 M,NO,NR,None
66,10.1016/j.chemosphere.2021.132635,2022,Solid,ZIF-8,film,Ag,NPs,LPE,NR,He-Ne laser,633,0.2,5,NR,Thiram,Liquid,Analyte,60,NO,NO,NR,NR,7.3,15,NR,NR,NR,YES,6,NO,NR,NO,1E-10 - 1E-5 M,4E-11 M,NO,NR,None
67,10.1002/adfm.202202805,2022,casted particles,ZIF-8,particle,Au,Superparticle,Encapsulation,4-aminothiophenol,laser,785,0.5,10,NR,4-ethylbenzaldehyde,gas,Analyte,15,YES,YES,"1  ppm  hydrocar-bons, alcohols, esters, organic acids, aromatic amines, aromatic compounds, ethers, H2S, NH3",Yes,4.15,25,NR,NR,NR,YES,5,NO,NR,YES,1E-8 - 1E-4 v/v (log),7.7 ppb,YES,NR,breath from lung cancer patient
68,10.1021/acssensors.2c00146,2022,Packed particles,ZIF-67,particle,Ag,NPs,Encapsulation,4-aminothiophenol,He-Ne laser,632.8,0.1,0.6,NR,Rhodamine 6G,Liquid,Analyte,120,NO,NO,NR,NR,NR,NR,NR,EF,1.10E+07,NO,NR,NO,NR,NO,NR,NR,NO,NR,None
68,10.1021/acssensors.2c00146,2022,Packed particles,ZIF-67,particle,Ag,NPs,Encapsulation,4-aminothiophenol,He-Ne laser,632.8,0.1,0.6,NR,Benzaldehide,gas,Analyte,20,NO,NO,NR,Yes,9.82,100,NR,NR,NR,YES,5,NO,NR,YES,1E-8 - 1E-4 v/v (log),3 ppb,NO,NR,None
69,10.1021/acssensors.2c01175,2022,Particles,MIL-101-NH2 (Fe/Co),particle,Au,NPs,Electrostatic assembly,4-mercaptophenylboronicacid,laser,785,NR,3,NR,Rhodamine 6G,Liquid,Analyte,120,NO,NO,NR,NR,NR,NR,CM-EM,AEF,2.30E+07,NO,NR,NO,NR,NO,NR,NR,NO,NR,None
69,10.1021/acssensors.2c01175,2022,Particles,MIL-101-NH2 (Fe/Co),particle,Au,NPs,Electrostatic assembly,4-mercaptophenylboronicacid,laser,785,NR,3,NR,NADH,Liquid,4-mercaptoboronic acid,60,YES,YES,"albumin from bovine serum (BSA), glucose (Glu), and glutathione (GSH)",Yes,7.8,NR,NR,NR,NR,YES,8,NO,NR,NO,3.86E-4 - 3.86 microM,2.8E-11 M,NO,NR,None
70,10.1002/ppsc.201900452,2023,solid,ZIF-8,film,Au,NPs,LPE,poly(sodium styrene sulfonate) 7kDa,laser,785,NR,NR,NR,Toluene,gas,Analyte,30,NO,NO,NR,NR,18.8,40,NR,AEF,1.20E+05,NO,NR,NO,NR,NO,NR,NR,NO,NR,None
70,10.1002/ppsc.201900452,2023,solid,ZIF-8,film,Au,NPs,LPE,poly(sodium styrene sulfonate) 7kDa,laser,785,NR,NR,NR,1-butanol,NR,Analyte,NR,NO,NO,NR,NR,NR,NR,NR,NR,NR,NO,NR,NO,NR,NO,NR,NR,NO,NR,None
71,10.1016/j.bios.2021.113063,2021,Solid,ZIF-8,film,Au,NPs,LPE,none,diode-pumped solid-state laser,632,4,NR,NR,4-mercatobenzaldehyde,Liquid,Analyte,1440,YES,NO,NR,NR,14.19,50,NR,NR,1.00E+06,NO,NR,NO,NR,NO,NR,NR,NO,NR,None
71,10.1016/j.bios.2021.113063,2021,Solid,ZIF-8,film,Au,NPs,LPE,none,diode-pumped solid-state laser,632,4,NR,NR,Putrescine,Gas,4-mercatobenzaldehyde,10,NO,YES,"methanol, dichloromethane, N-hexane, trichloromethane, and acetal-dehyde",Yes,NR,NR,NR,NR,NR,YES,4,NO,NR,YES,1E-7 - 1E-4 v/v (log),76.99 ppb,NO,NR,None
71,10.1016/j.bios.2021.113063,2021,Solid,ZIF-8,film,Au,NPs,LPE,none,diode-pumped solid-state laser,632,4,NR,NR,Cadaverine,Gas,4-mercatobenzaldehyde,10,NO,YES,"methanol, dichloromethane, N-hexane, trichloromethane, and acetal-dehyde",Yes,NR,NR,NR,NR,NR,YES,4,NO,NR,YES,1E-7 - 1E-4 v/v (log),115.88 ppb,NO,NR,None
72,10.1016/j.microc.2023.108563,2023,Casted particles,UiO-66,particle,Au,NPs,Electrostatic assembly,thioglycolic acid,He-Ne laser,785,NR,10,20,Rhodamine 6G,Liquid,Analyte,45,NO,NO,NR,NR,6.22,30,NR,NR,NR,NO,NR,NO,NR,NO,NR,NR,NO,NR,None
72,10.1016/j.microc.2023.108563,2023,Casted particles,UiO-66,particle,Au,NPs,Electrostatic assembly,thioglycolic acid,He-Ne laser,785,NR,10,20,Paraquat,Liquid,Analyte,45,NO,NO,NR,NR,NR,NR,NR,NR,NR,YES,7,NO,NR,NO,0.005 - 5 ppm,0.3 microg/L,YES,96.37 - 106.3 %,Cabbage extract
72,10.1016/j.microc.2023.108563,2023,Casted particles,UiO-66,particle,Au,NPs,Electrostatic assembly,thioglycolic acid,He-Ne laser,785,NR,10,20,Diquat,Liquid,Analyte,45,NO,NO,NR,NR,NR,NR,NR,NR,NR,YES,7,NO,NR,NO,0.005 - 5 ppm,0.4 microg/L,YES,87.88 - 118.34 %,Cabbage extract
